collection,pmcid,doi,pmc_live_date,pubyear,journal,publisher,license_url,license_text
IEEE,PMC8118690,10.1109/ojemb.2021.3070825,2021/05/18,2021,IEEE Open J Eng Med Biol,IEEE,https://creativecommons.org/licenses/by/4.0/,"This work is licensed under a Creative Commons Attribution 4.0 License. For more information, see  https://creativecommons.org/licenses/by/4.0/ uri https://creativecommons.org/licenses/by/4.0/"
IEEE,PMC8118689,10.1109/OJEMB.2021.3070818,2021/05/18,2021,IEEE Open J Eng Med Biol,IEEE,https://creativecommons.org/licenses/by/4.0/,"This work is licensed under a Creative Commons Attribution 4.0 License. For more information, see  https://creativecommons.org/licenses/by/4.0/ uri https://creativecommons.org/licenses/by/4.0/"
IEEE,PMC8118688,10.1109/OJEMB.2021.3070822,2021/05/18,2021,IEEE Open J Eng Med Biol,IEEE,https://creativecommons.org/licenses/by/4.0/,"This work is licensed under a Creative Commons Attribution 4.0 License. For more information, see  https://creativecommons.org/licenses/by/4.0/ uri https://creativecommons.org/licenses/by/4.0/"
IEEE,PMC8112670,10.1109/ojemb.2021.3070827,2021/05/18,2021,IEEE Open J Eng Med Biol,IEEE,https://creativecommons.org/licenses/by/4.0/,"This work is licensed under a Creative Commons Attribution 4.0 License. For more information, see  https://creativecommons.org/licenses/by/4.0/ uri https://creativecommons.org/licenses/by/4.0/"
IEEE,PMC8112669,10.1109/OJEMB.2021.3070829,2021/05/18,2021,IEEE Open J Eng Med Biol,IEEE,https://creativecommons.org/licenses/by/4.0/,"This work is licensed under a Creative Commons Attribution 4.0 License. For more information, see  https://creativecommons.org/licenses/by/4.0/ uri https://creativecommons.org/licenses/by/4.0/"
IEEE,PMC8112667,10.1109/ojemb.2021.3070830,2021/05/18,2021,IEEE Open J Eng Med Biol,IEEE,https://creativecommons.org/licenses/by/4.0/,"This work is licensed under a Creative Commons Attribution 4.0 License. For more information, see  https://creativecommons.org/licenses/by/4.0/ uri https://creativecommons.org/licenses/by/4.0/"
IEEE,PMC8112671,10.1109/MPULS.2021.3066716,2021/05/18,2021,IEEE Pulse,IEEE,NA,NA
IEEE,PMC8043507,10.1109/ACCESS.2020.3037474,2021/04/28,2020,IEEE Access,IEEE,https://creativecommons.org/licenses/by/4.0/,"This work is licensed under a Creative Commons Attribution 4.0 License. For more information, see  https://creativecommons.org/licenses/by/4.0/ uri https://creativecommons.org/licenses/by/4.0/"
IEEE,PMC8104253,10.1109/TR.2020.3006408,2021/05/10,2020,IEEE Trans Reliab,IEEE,NA,NA
IEEE,PMC8043503,10.1109/ACCESS.2020.3019600,2021/04/28,2020,IEEE Access,IEEE,https://creativecommons.org/licenses/by/4.0/,"This work is licensed under a Creative Commons Attribution 4.0 License. For more information, see  https://creativecommons.org/licenses/by/4.0/ uri https://creativecommons.org/licenses/by/4.0/"
IEEE,PMC8023427,10.1109/OJEMB.2020.3015141,2021/04/09,2020,IEEE Open J Eng Med Biol,IEEE,https://creativecommons.org/licenses/by/4.0/,"This work is licensed under a Creative Commons Attribution 4.0 License. For more information, see  https://creativecommons.org/licenses/by/4.0/ uri https://creativecommons.org/licenses/by/4.0/"
IEEE,PMC8051309,10.1109/TEM.2020.2986667,2021/04/28,2020,IEEE Trans Eng Manag,IEEE,NA,NA
IEEE,PMC8051308,10.1109/TMI.2020.3008025,2021/04/28,2020,IEEE Trans Med Imaging,IEEE,NA,NA
IEEE,PMC8043509,10.1109/ACCESS.2020.3007928,2021/04/28,2020,IEEE Access,IEEE,https://creativecommons.org/licenses/by/4.0/,"This work is licensed under a Creative Commons Attribution 4.0 License. For more information, see  https://creativecommons.org/licenses/by/4.0/ uri https://creativecommons.org/licenses/by/4.0/"
IEEE,PMC8043565,10.1109/ACCESS.2020.3007726,2021/04/28,2020,IEEE Access,IEEE,https://creativecommons.org/licenses/by/4.0/,"This work is licensed under a Creative Commons Attribution 4.0 License. For more information, see  https://creativecommons.org/licenses/by/4.0/ uri https://creativecommons.org/licenses/by/4.0/"
IEEE,PMC8043496,10.1109/LRA.2020.3007462,2021/04/28,2020,IEEE Robot Autom Lett,IEEE,NA,NA
IEEE,PMC8051310,10.1109/ACCESS.2020.3007502,2021/04/28,2020,IEEE Access,IEEE,https://creativecommons.org/licenses/by/4.0/,"This work is licensed under a Creative Commons Attribution 4.0 License. For more information, see  https://creativecommons.org/licenses/by/4.0/ uri https://creativecommons.org/licenses/by/4.0/"
IEEE,PMC8043498,10.1109/ACCESS.2020.3006172,2021/04/28,2020,IEEE Access,IEEE,https://creativecommons.org/licenses/by/4.0/,"This work is licensed under a Creative Commons Attribution 4.0 License. For more information, see  https://creativecommons.org/licenses/by/4.0/ uri https://creativecommons.org/licenses/by/4.0/"
IEEE,PMC8043494,10.1109/ACCESS.2020.3003750,2021/04/28,2020,IEEE Access,IEEE,https://creativecommons.org/licenses/by/4.0/,"This work is licensed under a Creative Commons Attribution 4.0 License. For more information, see  https://creativecommons.org/licenses/by/4.0/ uri https://creativecommons.org/licenses/by/4.0/"
IEEE,PMC7394290,10.1109/ACCESS.2020.3003810,2020/07/31,2020,IEEE Access,IEEE,https://creativecommons.org/licenses/by/4.0/,"This work is licensed under a Creative Commons Attribution 4.0 License. For more information, see  https://creativecommons.org/licenses/by/4.0/ uri https://creativecommons.org/licenses/by/4.0/"
IEEE,PMC8043495,10.1109/ACCESS.2020.3002886,2021/04/28,2020,IEEE Access,IEEE,https://creativecommons.org/licenses/by/4.0/,"This work is licensed under a Creative Commons Attribution 4.0 License. For more information, see  https://creativecommons.org/licenses/by/4.0/ uri https://creativecommons.org/licenses/by/4.0/"
IEEE,PMC8043491,10.1109/TRPMS.2020.3002658,2021/04/28,2020,IEEE Trans Radiat Plasma Med Sci,IEEE,https://creativecommons.org/licenses/by/4.0/,"This work is licensed under a Creative Commons Attribution 4.0 License. For more information, see  https://creativecommons.org/licenses/by/4.0/ uri https://creativecommons.org/licenses/by/4.0/"
IEEE,PMC8043502,10.1109/ACCESS.2020.3002445,2021/04/28,2020,IEEE Access,IEEE,https://creativecommons.org/licenses/by/4.0/,"This work is licensed under a Creative Commons Attribution 4.0 License. For more information, see  https://creativecommons.org/licenses/by/4.0/ uri https://creativecommons.org/licenses/by/4.0/"
IEEE,PMC8043492,10.1109/OJEMB.2020.3002447,2021/04/28,2020,IEEE Open J Eng Med Biol,IEEE,https://creativecommons.org/licenses/by/4.0/,"This work is licensed under a Creative Commons Attribution 4.0 License. For more information, see  https://creativecommons.org/licenses/by/4.0/ uri https://creativecommons.org/licenses/by/4.0/"
IEEE,PMC8043506,10.1109/ACCESS.2020.3001973,2021/04/28,2020,IEEE Access,IEEE,https://creativecommons.org/licenses/by/4.0/,"This work is licensed under a Creative Commons Attribution 4.0 License. For more information, see  https://creativecommons.org/licenses/by/4.0/ uri https://creativecommons.org/licenses/by/4.0/"
IEEE,PMC8043504,10.1109/ACCESS.2020.3001298,2021/04/28,2020,IEEE Access,IEEE,https://creativecommons.org/licenses/by/4.0/,"This work is licensed under a Creative Commons Attribution 4.0 License. For more information, see  https://creativecommons.org/licenses/by/4.0/ uri https://creativecommons.org/licenses/by/4.0/"
IEEE,PMC8043500,10.1109/ACCESS.2020.3001344,2021/04/28,2020,IEEE Access,IEEE,https://creativecommons.org/licenses/by/4.0/,"This work is licensed under a Creative Commons Attribution 4.0 License. For more information, see  https://creativecommons.org/licenses/by/4.0/ uri https://creativecommons.org/licenses/by/4.0/"
IEEE,PMC8043497,10.1109/ACCESS.2020.3000860,2021/04/28,2020,IEEE Access,IEEE,https://creativecommons.org/licenses/by/4.0/,"This work is licensed under a Creative Commons Attribution 4.0 License. For more information, see  https://creativecommons.org/licenses/by/4.0/ uri https://creativecommons.org/licenses/by/4.0/"
IEEE,PMC8098810,10.1109/ACCESS.2020.2995763,2021/05/10,2020,IEEE Access,IEEE,https://creativecommons.org/licenses/by/4.0/,"This work is licensed under a Creative Commons Attribution 4.0 License. For more information, see  https://creativecommons.org/licenses/by/4.0/ uri https://creativecommons.org/licenses/by/4.0/"
IEEE,PMC8043425,10.1109/OJEMB.2020.2999214,2021/04/28,2020,IEEE Open J Eng Med Biol,IEEE,https://creativecommons.org/licenses/by/4.0/,"This work is licensed under a Creative Commons Attribution 4.0 License. For more information, see  https://creativecommons.org/licenses/by/4.0/ uri https://creativecommons.org/licenses/by/4.0/"
IEEE,PMC8043505,10.1109/ACCESS.2020.2998117,2021/04/28,2020,IEEE Access,IEEE,https://creativecommons.org/licenses/by/4.0/,"This work is licensed under a Creative Commons Attribution 4.0 License. For more information, see  https://creativecommons.org/licenses/by/4.0/ uri https://creativecommons.org/licenses/by/4.0/"
IEEE,PMC8043499,10.1109/ACCESS.2020.2998042,2021/04/28,2020,IEEE Access,IEEE,https://creativecommons.org/licenses/by/4.0/,"This work is licensed under a Creative Commons Attribution 4.0 License. For more information, see  https://creativecommons.org/licenses/by/4.0/ uri https://creativecommons.org/licenses/by/4.0/"
IEEE,PMC8043501,10.1109/ACCESS.2020.2994967,2021/04/28,2020,IEEE Access,IEEE,https://creativecommons.org/licenses/by/4.0/,"This work is licensed under a Creative Commons Attribution 4.0 License. For more information, see  https://creativecommons.org/licenses/by/4.0/ uri https://creativecommons.org/licenses/by/4.0/"
IEEE,PMC8043420,10.1109/ACCESS.2020.2994762,2021/04/28,2020,IEEE Access,IEEE,https://creativecommons.org/licenses/by/4.0/,"This work is licensed under a Creative Commons Attribution 4.0 License. For more information, see  https://creativecommons.org/licenses/by/4.0/ uri https://creativecommons.org/licenses/by/4.0/"
IEEE,PMC8043493,10.1109/ACCESS.2020.2993967,2021/04/28,2020,IEEE Access,IEEE,https://creativecommons.org/licenses/by/4.0/,"This work is licensed under a Creative Commons Attribution 4.0 License. For more information, see  https://creativecommons.org/licenses/by/4.0/ uri https://creativecommons.org/licenses/by/4.0/"
IEEE,PMC7250066,10.1109/JTEHM.2020.2993531,2020/06/08,2020,IEEE J Transl Eng Health Med,IEEE,https://creativecommons.org/licenses/by/4.0/,"This work is licensed under a Creative Commons Attribution 4.0
License. For more information, see  https://creativecommons.org/licenses/by/4.0/ uri https://creativecommons.org/licenses/by/4.0/"
IEEE,PMC7176027,10.1109/ACCESS.2020.2979859,2020/05/07,2020,IEEE Access,IEEE,https://creativecommons.org/licenses/by/4.0/,"This work is licensed under a Creative Commons Attribution 4.0 License. For more information, see  https://creativecommons.org/licenses/by/4.0/ uri https://creativecommons.org/licenses/by/4.0/"
IEEE,PMC7176026,10.1109/ACCESS.2020.2979599,2020/05/07,2020,IEEE Access,IEEE,https://creativecommons.org/licenses/by/4.0/,"This work is licensed under a Creative Commons Attribution 4.0 License. For more information, see  https://creativecommons.org/licenses/by/4.0/ uri https://creativecommons.org/licenses/by/4.0/"
IEEE,PMC7176037,10.1109/ACCESS.2020.2970023,2020/05/07,2020,IEEE Access,IEEE,https://creativecommons.org/licenses/by/4.0/,"This work is licensed under a Creative Commons Attribution 4.0 License. For more information, see  https://creativecommons.org/licenses/by/4.0/ uri https://creativecommons.org/licenses/by/4.0/"
IEEE,PMC7186030,10.1109/TMI.2002.800585,2020/05/07,2019,IEEE Trans Med Imaging,IEEE,https://creativecommons.org/licenses/by/4.0/,"This work is licensed under a Creative Commons Attribution 4.0 License. For more information, see  https://creativecommons.org/licenses/by/4.0/ uri https://creativecommons.org/licenses/by/4.0/"
IEEE,PMC7176039,10.1109/ACCESS.2019.2924189,2020/05/07,2019,IEEE Access,IEEE,https://creativecommons.org/licenses/by/4.0/,"This work is licensed under a Creative Commons Attribution 4.0 License. For more information, see  https://creativecommons.org/licenses/by/4.0/ uri https://creativecommons.org/licenses/by/4.0/"
IEEE,PMC6947666,10.1109/TBME.2019.2910551,2020/05/07,2019,IEEE Trans Biomed Eng,IEEE,https://creativecommons.org/licenses/by/4.0/,"This work is licensed under a Creative Commons Attribution 4.0 License. For more information, see  https://creativecommons.org/licenses/by/4.0/ uri https://creativecommons.org/licenses/by/4.0/"
IEEE,PMC7176036,10.1109/TCSS.2019.2896227,2020/05/07,2019,IEEE Trans Comput Soc Syst,IEEE,https://creativecommons.org/licenses/by/4.0/,"This work is licensed under a Creative Commons Attribution 4.0 License. For more information, see  https://creativecommons.org/licenses/by/4.0/ uri https://creativecommons.org/licenses/by/4.0/"
IEEE,PMC7309220,10.1109/ACCESS.2019.2895075,2020/06/25,2019,IEEE Access,IEEE,https://creativecommons.org/licenses/by/4.0/,"This work is licensed under a Creative Commons Attribution 4.0 License. For more information, see  https://creativecommons.org/licenses/by/4.0/ uri https://creativecommons.org/licenses/by/4.0/"
IEEE,PMC7176034,10.1109/ACCESS.2018.2882915,2020/05/07,2018,IEEE Access,IEEE,https://creativecommons.org/licenses/by/4.0/,"This work is licensed under a Creative Commons Attribution 4.0 License. For more information, see  https://creativecommons.org/licenses/by/4.0/ uri https://creativecommons.org/licenses/by/4.0/"
IEEE,PMC7176038,10.1109/TCST.2018.2871002,2020/05/07,2018,IEEE Trans Control Syst Technol,IEEE,https://creativecommons.org/licenses/by/4.0/,"This work is licensed under a Creative Commons Attribution 4.0 License. For more information, see  https://creativecommons.org/licenses/by/4.0/ uri https://creativecommons.org/licenses/by/4.0/"
IEEE,PMC7309325,10.1109/JBHI.2018.2870859,2020/06/25,2018,IEEE J Biomed Health Inform,IEEE,https://creativecommons.org/licenses/by/4.0/,"This work is licensed under a Creative Commons Attribution 4.0 License. For more information, see  https://creativecommons.org/licenses/by/4.0/ uri https://creativecommons.org/licenses/by/4.0/"
IEEE,PMC7176033,10.1109/ACCESS.2018.2867030,2020/05/07,2018,IEEE Access,IEEE,https://creativecommons.org/licenses/by/4.0/,"This work is licensed under a Creative Commons Attribution 4.0 License. For more information, see  https://creativecommons.org/licenses/by/4.0/ uri https://creativecommons.org/licenses/by/4.0/"
IEEE,PMC7186039,10.1109/JSEN.2018.2829084,2020/05/07,2018,IEEE Sens J,IEEE,https://creativecommons.org/licenses/by/4.0/,"This work is licensed under a Creative Commons Attribution 4.0 License. For more information, see  https://creativecommons.org/licenses/by/4.0/ uri https://creativecommons.org/licenses/by/4.0/"
IEEE,PMC7176041,10.1109/TCSS.2017.2786545,2020/05/07,2018,IEEE Trans Comput Soc Syst,IEEE,https://creativecommons.org/licenses/by/4.0/,"This work is licensed under a Creative Commons Attribution 4.0 License. For more information, see  https://creativecommons.org/licenses/by/4.0/ uri https://creativecommons.org/licenses/by/4.0/"
IEEE,PMC7309295,10.1109/TNSE.2017.2770091,2020/06/25,2017,IEEE Trans Netw Sci Eng,IEEE,https://creativecommons.org/licenses/by/4.0/,"This work is licensed under a Creative Commons Attribution 4.0 License. For more information, see  https://creativecommons.org/licenses/by/4.0/ uri https://creativecommons.org/licenses/by/4.0/"
IEEE,PMC7186043,10.1109/TCBB.2017.2702588,2020/05/07,2017,IEEE/ACM Trans Comput Biol Bioinform,IEEE,https://creativecommons.org/licenses/by/4.0/,"This work is licensed under a Creative Commons Attribution 4.0 License. For more information, see  https://creativecommons.org/licenses/by/4.0/ uri https://creativecommons.org/licenses/by/4.0/"
IEEE,PMC7309273,10.1109/ACCESS.2016.2551199,2020/07/10,2016,IEEE Access,IEEE,https://creativecommons.org/licenses/by/4.0/,"This work is licensed under a Creative Commons Attribution 4.0 License. For more information, see  https://creativecommons.org/licenses/by/4.0/ uri https://creativecommons.org/licenses/by/4.0/"
IEEE,PMC4890616,10.1109/TMI.2016.2528162,2017/05/01,2016,IEEE Trans Med Imaging,IEEE,https://creativecommons.org/licenses/by/4.0/,"This work is licensed under a Creative Commons Attribution 4.0 License. For more information, see  https://creativecommons.org/licenses/by/4.0/ uri https://creativecommons.org/licenses/by/4.0/"
IEEE,PMC7186042,10.1109/TBME.2016.2521662,2020/07/10,2016,IEEE Trans Biomed Eng,IEEE,NA,NA
IEEE,PMC7186038,10.1109/TCYB.2015.2489702,2020/07/10,2015,IEEE Trans Cybern,IEEE,NA,NA
IEEE,PMC7186041,10.1109/TSMC.2015.2484281,2020/07/10,2015,IEEE Trans Syst Man Cybern Syst,IEEE,NA,NA
IEEE,PMC7186034,10.1109/TBME.2015.2491327,2020/07/10,2015,IEEE Trans Biomed Eng,IEEE,NA,NA
IEEE,PMC7309366,10.1109/TBME.2015.2479716,2020/07/10,2015,IEEE Trans Biomed Eng,IEEE,NA,NA
IEEE,PMC7176471,10.1109/TNB.2015.2406992,2020/05/07,2015,IEEE Trans Nanobioscience,IEEE,https://creativecommons.org/licenses/by/4.0/,"This work is licensed under a Creative Commons Attribution 4.0 License. For more information, see  https://creativecommons.org/licenses/by/4.0/ uri https://creativecommons.org/licenses/by/4.0/"
IEEE,PMC7186037,10.1109/JPROC.2015.2389146,2020/07/10,2015,Proc IEEE Inst Electr Electron Eng,IEEE,NA,NA
IEEE,PMC7186040,10.1109/JBHI.2014.2338213,2020/07/10,2014,IEEE J Biomed Health Inform,IEEE,NA,NA
IEEE,PMC7176476,10.1109/TBME.2014.2309951,2020/05/07,2014,IEEE Trans Biomed Eng,IEEE,https://creativecommons.org/licenses/by/4.0/,"This work is licensed under a Creative Commons Attribution 4.0 License. For more information, see  https://creativecommons.org/licenses/by/4.0/ uri https://creativecommons.org/licenses/by/4.0/"
IEEE,PMC7309332,10.1109/TBME.2013.2288497,2020/06/25,2013,IEEE Trans Biomed Eng,IEEE,https://creativecommons.org/licenses/by/4.0/,"This work is licensed under a Creative Commons Attribution 4.0 License. For more information, see  https://creativecommons.org/licenses/by/4.0/ uri https://creativecommons.org/licenses/by/4.0/"
IEEE,PMC7176467,10.1109/TMI.2012.2200904,2020/05/07,2012,IEEE Trans Med Imaging,IEEE,https://creativecommons.org/licenses/by/4.0/,"This work is licensed under a Creative Commons Attribution 4.0 License. For more information, see  https://creativecommons.org/licenses/by/4.0/ uri https://creativecommons.org/licenses/by/4.0/"
IEEE,PMC3511590,10.1109/TBME.2012.2190984,2012/12/01,2012,IEEE Trans Biomed Eng,IEEE,https://creativecommons.org/licenses/by/4.0/,"This work is licensed under a Creative Commons Attribution 4.0 License. For more information, see  https://creativecommons.org/licenses/by/4.0/ uri https://creativecommons.org/licenses/by/4.0/"
IEEE,PMC7176466,10.1109/TMI.2012.2183641,2020/05/07,2012,IEEE Trans Med Imaging,IEEE,https://creativecommons.org/licenses/by/4.0/,"This work is licensed under a Creative Commons Attribution 4.0 License. For more information, see  https://creativecommons.org/licenses/by/4.0/ uri https://creativecommons.org/licenses/by/4.0/"
IEEE,PMC7176468,10.1109/TSP.2011.2165060,2020/05/07,2011,IEEE Trans Signal Process,IEEE,https://creativecommons.org/licenses/by/4.0/,"This work is licensed under a Creative Commons Attribution 4.0 License. For more information, see  https://creativecommons.org/licenses/by/4.0/ uri https://creativecommons.org/licenses/by/4.0/"
IEEE,PMC7176475,10.1109/TBME.2011.2159790,2020/05/07,2011,IEEE Trans Biomed Eng,IEEE,https://creativecommons.org/licenses/by/4.0/,"This work is licensed under a Creative Commons Attribution 4.0 License. For more information, see  https://creativecommons.org/licenses/by/4.0/ uri https://creativecommons.org/licenses/by/4.0/"
IEEE,PMC7186031,10.1109/TCBB.2011.95,2020/05/07,2011,IEEE/ACM Trans Comput Biol Bioinform,IEEE,https://creativecommons.org/licenses/by/4.0/,"This work is licensed under a Creative Commons Attribution 4.0 License. For more information, see  https://creativecommons.org/licenses/by/4.0/ uri https://creativecommons.org/licenses/by/4.0/"
IEEE,PMC7176473,10.1109/TNANO.2011.2157936,2020/05/07,2011,IEEE Trans Nanotechnol,IEEE,https://creativecommons.org/licenses/by/4.0/,"This work is licensed under a Creative Commons Attribution 4.0 License. For more information, see  https://creativecommons.org/licenses/by/4.0/ uri https://creativecommons.org/licenses/by/4.0/"
IEEE,PMC7192160,10.1109/TBME.2011.2109251,2020/05/07,2011,IEEE Trans Biomed Eng,IEEE,https://creativecommons.org/licenses/by/4.0/,"This work is licensed under a Creative Commons Attribution 4.0 License. For more information, see  https://creativecommons.org/licenses/by/4.0/ uri https://creativecommons.org/licenses/by/4.0/"
IEEE,PMC7176469,10.1109/TITB.2009.2036010,2020/05/07,2009,IEEE Trans Inf Technol Biomed,IEEE,https://creativecommons.org/licenses/by/4.0/,"This work is licensed under a Creative Commons Attribution 4.0 License. For more information, see  https://creativecommons.org/licenses/by/4.0/ uri https://creativecommons.org/licenses/by/4.0/"
IEEE,PMC7176465,10.1109/TSMCA.2009.2033032,2020/05/07,2009,IEEE Trans Syst Man Cybern A Syst Hum,IEEE,https://creativecommons.org/licenses/by/4.0/,"This work is licensed under a Creative Commons Attribution 4.0 License. For more information, see  https://creativecommons.org/licenses/by/4.0/ uri https://creativecommons.org/licenses/by/4.0/"
IEEE,PMC7176470,10.1109/TITB.2009.2029695,2020/05/07,2009,IEEE Trans Inf Technol Biomed,IEEE,https://creativecommons.org/licenses/by/4.0/,"This work is licensed under a Creative Commons Attribution 4.0 License. For more information, see  https://creativecommons.org/licenses/by/4.0/ uri https://creativecommons.org/licenses/by/4.0/"
IEEE,PMC2741407,10.1109/TITB.2007.910354,2009/09/10,2008,IEEE Trans Inf Technol Biomed,IEEE,https://creativecommons.org/licenses/by/4.0/,"This work is licensed under a Creative Commons Attribution 4.0 License. For more information, see  https://creativecommons.org/licenses/by/4.0/ uri https://creativecommons.org/licenses/by/4.0/"
IEEE,PMC7186032,10.1109/TITB.2007.893286,2020/05/07,2007,IEEE Trans Inf Technol Biomed,IEEE,https://creativecommons.org/licenses/by/4.0/,"This work is licensed under a Creative Commons Attribution 4.0 License. For more information, see  https://creativecommons.org/licenses/by/4.0/ uri https://creativecommons.org/licenses/by/4.0/"
IEEE,PMC7186036,10.1109/TITB.2005.847160,2020/05/07,2005,IEEE Trans Inf Technol Biomed,IEEE,https://creativecommons.org/licenses/by/4.0/,"This work is licensed under a Creative Commons Attribution 4.0 License. For more information, see  https://creativecommons.org/licenses/by/4.0/ uri https://creativecommons.org/licenses/by/4.0/"
IEEE,PMC7186035,10.1109/TITB.2002.806084,2020/05/07,2002,IEEE Trans Inf Technol Biomed,IEEE,https://creativecommons.org/licenses/by/4.0/,"This work is licensed under a Creative Commons Attribution 4.0 License. For more information, see  https://creativecommons.org/licenses/by/4.0/ uri https://creativecommons.org/licenses/by/4.0/"
